<?xml version="1.0" encoding="UTF-8"?>
<GenRun Id="impl_1" LaunchPart="xc7z020clg400-1" LaunchTime="1737115924">
  <File Type="PA-TCL" Name="design_1_wrapper.tcl"/>
  <File Type="REPORTS-TCL" Name="design_1_wrapper_reports.tcl"/>
  <File Type="BITSTR-MSK" Name="design_1_wrapper.msk"/>
  <File Type="RDI-RDI" Name="design_1_wrapper.vdi"/>
  <File Type="BG-BIT" Name="design_1_wrapper.bit"/>
  <File Type="BG-DRC" Name="design_1_wrapper.drc"/>
  <File Type="BG-BGN" Name="design_1_wrapper.bgn"/>
  <File Type="BG-BIN" Name="design_1_wrapper.bin"/>
  <File Type="BITSTR-RBT" Name="design_1_wrapper.rbt"/>
  <File Type="BITSTR-NKY" Name="design_1_wrapper.nky"/>
  <File Type="BITSTR-BMM" Name="design_1_wrapper_bd.bmm"/>
  <File Type="BITSTR-MMI" Name="design_1_wrapper.mmi"/>
  <File Type="BITSTR-SYSDEF" Name="design_1_wrapper.sysdef"/>
  <File Type="BITSTR-LTX" Name="debug_nets.ltx"/>
  <File Type="BITSTR-LTX" Name="design_1_wrapper.ltx"/>
  <File Type="WBT-USG" Name="usage_statistics_webtalk.html"/>
  <File Type="OPT-HWDEF" Name="design_1_wrapper.hwdef"/>
  <File Type="PLACE-PRE-SIMILARITY" Name="design_1_wrapper_incremental_reuse_pre_placed.rpt"/>
  <File Type="ROUTE-DCP" Name="design_1_wrapper_routed.dcp"/>
  <File Type="ROUTE-ERROR-DCP" Name="design_1_wrapper_routed_error.dcp"/>
  <File Type="ROUTE-BLACKBOX-DCP" Name="design_1_wrapper_routed_bb.dcp"/>
  <File Type="ROUTE-TIMING-PB" Name="design_1_wrapper_timing_summary_routed.pb"/>
  <File Type="OPT-DCP" Name="design_1_wrapper_opt.dcp"/>
  <File Type="PLACE-DCP" Name="design_1_wrapper_placed.dcp"/>
  <File Type="PWROPT-DCP" Name="design_1_wrapper_pwropt.dcp"/>
  <File Type="POSTPLACE-PWROPT-DCP" Name="design_1_wrapper_postplace_pwropt.dcp"/>
  <File Type="PHYSOPT-DCP" Name="design_1_wrapper_physopt.dcp"/>
  <File Type="POSTROUTE-PHYSOPT-DCP" Name="design_1_wrapper_postroute_physopt.dcp"/>
  <File Type="POSTROUTE-PHYSOPT-BLACKBOX-DCP" Name="design_1_wrapper_postroute_physopt_bb.dcp"/>
  <File Type="PDI-FILE" Name="design_1_wrapper.pdi"/>
  <File Type="RCFI_FILE" Name="design_1_wrapper.rcfi"/>
  <File Type="CFI_FILE" Name="design_1_wrapper.cfi"/>
  <File Type="RNPI_FILE" Name="design_1_wrapper.rnpi"/>
  <File Type="NPI_FILE" Name="design_1_wrapper.npi"/>
  <File Type="RBD_FILE" Name="design_1_wrapper.rbd"/>
  <FileSet Name="sources" Type="DesignSrcs" RelSrcDir="$PSRCDIR/sources_1" RelGenDir="$PGENDIR/sources_1">
    <Filter Type="Srcs"/>
    <File Path="$PSRCDIR/sources_1/new/Controller.v">
      <FileInfo>
        <Attr Name="UsedIn" Val="synthesis"/>
        <Attr Name="UsedIn" Val="implementation"/>
        <Attr Name="UsedIn" Val="simulation"/>
      </FileInfo>
    </File>
    <File Path="$PSRCDIR/sources_1/new/bk_adder_32.v">
      <FileInfo>
        <Attr Name="UsedIn" Val="synthesis"/>
        <Attr Name="UsedIn" Val="implementation"/>
        <Attr Name="UsedIn" Val="simulation"/>
      </FileInfo>
    </File>
    <File Path="$PSRCDIR/sources_1/new/Adder_Sub.v">
      <FileInfo>
        <Attr Name="UsedIn" Val="synthesis"/>
        <Attr Name="UsedIn" Val="implementation"/>
        <Attr Name="UsedIn" Val="simulation"/>
      </FileInfo>
    </File>
    <File Path="$PSRCDIR/sources_1/bd/design_1/design_1.bd">
      <FileInfo>
        <Attr Name="UsedIn" Val="synthesis"/>
        <Attr Name="UsedIn" Val="implementation"/>
        <Attr Name="UsedIn" Val="simulation"/>
      </FileInfo>
    </File>
    <File Path="$PGENDIR/sources_1/bd/design_1/hdl/design_1_wrapper.v">
      <FileInfo>
        <Attr Name="IsGlobalInclude" Val="1"/>
        <Attr Name="UsedIn" Val="synthesis"/>
        <Attr Name="UsedIn" Val="implementation"/>
        <Attr Name="UsedIn" Val="simulation"/>
      </FileInfo>
    </File>
    <File Path="$PSRCDIR/sources_1/bd/design_2/design_2.bd">
      <FileInfo>
        <Attr Name="AutoDisabled" Val="1"/>
        <Attr Name="UsedIn" Val="synthesis"/>
        <Attr Name="UsedIn" Val="implementation"/>
        <Attr Name="UsedIn" Val="simulation"/>
      </FileInfo>
    </File>
    <File Path="$PGENDIR/sources_1/bd/design_2/hdl/design_2_wrapper.v">
      <FileInfo>
        <Attr Name="AutoDisabled" Val="1"/>
        <Attr Name="UsedIn" Val="synthesis"/>
        <Attr Name="UsedIn" Val="implementation"/>
        <Attr Name="UsedIn" Val="simulation"/>
      </FileInfo>
    </File>
    <File Path="$PSRCDIR/sources_1/new/Add_Sub_op.v">
      <FileInfo>
        <Attr Name="AutoDisabled" Val="1"/>
        <Attr Name="UsedIn" Val="synthesis"/>
        <Attr Name="UsedIn" Val="implementation"/>
        <Attr Name="UsedIn" Val="simulation"/>
      </FileInfo>
    </File>
    <File Path="$PSRCDIR/sources_1/bd/design_1/ip/design_1_blk_mem_gen_0_0/bram.coe">
      <FileInfo>
        <Attr Name="UsedIn" Val="synthesis"/>
        <Attr Name="UsedIn" Val="simulation"/>
      </FileInfo>
    </File>
    <File Path="$PSRCDIR/sources_1/bd/design_2/ip/design_2_blk_mem_gen_0_0/Bram.coe">
      <FileInfo>
        <Attr Name="UsedIn" Val="synthesis"/>
        <Attr Name="UsedIn" Val="simulation"/>
      </FileInfo>
    </File>
    <File Path="c:/Users/Admin/Downloads/test_vector1.coe">
      <FileInfo>
        <Attr Name="UsedIn" Val="synthesis"/>
        <Attr Name="UsedIn" Val="simulation"/>
      </FileInfo>
    </File>
    <Config>
      <Option Name="DesignMode" Val="RTL"/>
      <Option Name="TopModule" Val="design_1_wrapper"/>
      <Option Name="TopLib" Val="xil_defaultlib"/>
      <Option Name="TopRTLFile" Val="$PGENDIR/sources_1/bd/design_1/hdl/design_1_wrapper.v"/>
    </Config>
  </FileSet>
  <FileSet Name="constrs_in" Type="Constrs" RelSrcDir="$PSRCDIR/constrs_1">
    <Filter Type="Constrs"/>
    <File Path="C:/Users/Admin/Downloads/controller.xdc">
      <FileInfo>
        <Attr Name="UsedIn" Val="synthesis"/>
        <Attr Name="UsedIn" Val="implementation"/>
      </FileInfo>
    </File>
    <Config>
      <Option Name="ConstrsType" Val="XDC"/>
    </Config>
  </FileSet>
  <FileSet Name="utils" Type="Utils" RelSrcDir="$PSRCDIR/utils_1">
    <Filter Type="Utils"/>
    <Config>
      <Option Name="TopAutoSet" Val="TRUE"/>
    </Config>
  </FileSet>
  <Strategy Version="1" Minor="2">
    <StratHandle Name="Vivado Implementation Defaults" Flow="Vivado Implementation 2020"/>
    <Step Id="init_design"/>
    <Step Id="opt_design"/>
    <Step Id="power_opt_design"/>
    <Step Id="place_design"/>
    <Step Id="post_place_power_opt_design"/>
    <Step Id="phys_opt_design"/>
    <Step Id="route_design"/>
    <Step Id="post_route_phys_opt_design"/>
    <Step Id="write_bitstream"/>
    <Step Id="write_device_image"/>
  </Strategy>
  <BlockFileSet Type="BlockSrcs" Name="design_1_ila_0_0"/>
  <BlockFileSet Type="BlockSrcs" Name="design_1_clk_wiz_0"/>
  <BlockFileSet Type="BlockSrcs" Name="design_1_controller_0_0"/>
  <BlockFileSet Type="BlockSrcs" Name="design_1_vio_0_0"/>
  <BlockFileSet Type="BlockSrcs" Name="design_1_blk_mem_gen_0_0"/>
  <BlockFileSet Type="BlockSrcs" Name="design_1_adder_subtractor_bk_0_0"/>
</GenRun>
