<?xml version="1.0" encoding="UTF-8"?>
<!-- Product Version: Vivado v2020.2 (64-bit)                     -->
<!--                                                              -->
<!-- Copyright 1986-2020 Xilinx, Inc. All Rights Reserved.        -->

<hwsession version="1" minor="2">
  <device name="xc7z020_1" gui_info="dashboard1=hw_ila_1[xc7z020_1/hw_ila_1/Waveform=ILA_WAVE_1;xc7z020_1/hw_ila_1/Capture Setup=ILA_CAPTURE_1;xc7z020_1/hw_ila_1/Status=ILA_STATUS_1;xc7z020_1/hw_ila_1/Trigger Setup=ILA_TRIGGER_1;xc7z020_1/hw_ila_1/Settings=ILA_SETTINGS_1;],dashboard2=hw_vios[xc7z020_1/hw_vio_1=VIO_PROBES_1;]"/>
  <ObjectList object_type="hw_device" gui_info="">
    <Object name="xc7z020_1" gui_info="">
      <Properties Property="FULL_PROBES.FILE" value="$_project_name_.runs/impl_1/design_1_wrapper.ltx"/>
      <Properties Property="PROBES.FILE" value="$_project_name_.runs/impl_1/design_1_wrapper.ltx"/>
      <Properties Property="PROGRAM.HW_BITSTREAM" value="$_project_name_.runs/impl_1/design_1_wrapper.bit"/>
      <Properties Property="SLR.COUNT" value="1"/>
    </Object>
  </ObjectList>
  <ObjectList object_type="hw_ila" gui_info="">
    <Object name="design_1_i/ila_0" gui_info="">
      <Properties Property="CONTROL.TRIGGER_CONDITION" value="AND"/>
      <Properties Property="CORE_REFRESH_RATE_MS" value="500"/>
    </Object>
  </ObjectList>
  <ObjectList object_type="hw_probe" gui_info="">
    <Object name="design_1_i/vio_0_probe_out0" gui_info="hw_vios/hw_vio_1=0"/>
    <Object name="design_1_i/vio_0_probe_out1" gui_info="hw_vios/hw_vio_1=1"/>
  </ObjectList>
  <probeset name="hw project" active="false">
    <probe type="ila" busType="net" source="netlist" spec="ILA_V2_RT">
      <probeOptions Id="DebugProbeParams">
        <Option Id="CAPTURE_COMPARE_VALUE" value="eq1&apos;bX"/>
        <Option Id="COMPARE_VALUE.0" value="eq1&apos;bX"/>
        <Option Id="DISPLAY_AS_ENUM" value="1"/>
        <Option Id="DISPLAY_HINT" value=""/>
        <Option Id="DISPLAY_RADIX" value="HEX"/>
        <Option Id="DISPLAY_VISIBILITY" value=""/>
        <Option Id="HW_ILA" value="hw_ila_1"/>
        <Option Id="LINK_TO_WAVEFORM" value="1"/>
        <Option Id="MAP" value="probe4[0]"/>
        <Option Id="NAME.CUSTOM" value=""/>
        <Option Id="NAME.SELECT" value="Long"/>
        <Option Id="SOURCE" value="netlist"/>
        <Option Id="TRIGGER_COMPARE_VALUE" value="eq1&apos;bX"/>
        <Option Id="WAVEFORM_STYLE" value="Digital"/>
      </probeOptions>
      <nets>
        <net name="design_1_i/Net1_1"/>
      </nets>
    </probe>
    <probe type="ila" busType="bus" source="netlist" spec="ILA_V2_RT">
      <probeOptions Id="DebugProbeParams">
        <Option Id="CAPTURE_COMPARE_VALUE" value="eq32&apos;hXXXX_XXXX"/>
        <Option Id="COMPARE_VALUE.0" value="eq32&apos;hXXXX_XXXX"/>
        <Option Id="DISPLAY_AS_ENUM" value="1"/>
        <Option Id="DISPLAY_HINT" value=""/>
        <Option Id="DISPLAY_RADIX" value="HEX"/>
        <Option Id="DISPLAY_VISIBILITY" value=""/>
        <Option Id="HW_ILA" value="hw_ila_1"/>
        <Option Id="LINK_TO_WAVEFORM" value="1"/>
        <Option Id="MAP" value="probe2[31:0]"/>
        <Option Id="NAME.CUSTOM" value=""/>
        <Option Id="NAME.SELECT" value="Long"/>
        <Option Id="SOURCE" value="netlist"/>
        <Option Id="TRIGGER_COMPARE_VALUE" value="eq32&apos;hXXXX_XXXX"/>
        <Option Id="WAVEFORM_STYLE" value="Digital"/>
      </probeOptions>
      <nets>
        <net name="design_1_i/Net_1[31]"/>
        <net name="design_1_i/Net_1[30]"/>
        <net name="design_1_i/Net_1[29]"/>
        <net name="design_1_i/Net_1[28]"/>
        <net name="design_1_i/Net_1[27]"/>
        <net name="design_1_i/Net_1[26]"/>
        <net name="design_1_i/Net_1[25]"/>
        <net name="design_1_i/Net_1[24]"/>
        <net name="design_1_i/Net_1[23]"/>
        <net name="design_1_i/Net_1[22]"/>
        <net name="design_1_i/Net_1[21]"/>
        <net name="design_1_i/Net_1[20]"/>
        <net name="design_1_i/Net_1[19]"/>
        <net name="design_1_i/Net_1[18]"/>
        <net name="design_1_i/Net_1[17]"/>
        <net name="design_1_i/Net_1[16]"/>
        <net name="design_1_i/Net_1[15]"/>
        <net name="design_1_i/Net_1[14]"/>
        <net name="design_1_i/Net_1[13]"/>
        <net name="design_1_i/Net_1[12]"/>
        <net name="design_1_i/Net_1[11]"/>
        <net name="design_1_i/Net_1[10]"/>
        <net name="design_1_i/Net_1[9]"/>
        <net name="design_1_i/Net_1[8]"/>
        <net name="design_1_i/Net_1[7]"/>
        <net name="design_1_i/Net_1[6]"/>
        <net name="design_1_i/Net_1[5]"/>
        <net name="design_1_i/Net_1[4]"/>
        <net name="design_1_i/Net_1[3]"/>
        <net name="design_1_i/Net_1[2]"/>
        <net name="design_1_i/Net_1[1]"/>
        <net name="design_1_i/Net_1[0]"/>
      </nets>
    </probe>
    <probe type="ila" busType="bus" source="netlist" spec="ILA_V2_RT">
      <probeOptions Id="DebugProbeParams">
        <Option Id="CAPTURE_COMPARE_VALUE" value="eq32&apos;hXXXX_XXXX"/>
        <Option Id="COMPARE_VALUE.0" value="eq32&apos;hXXXX_XXXX"/>
        <Option Id="DISPLAY_AS_ENUM" value="1"/>
        <Option Id="DISPLAY_HINT" value=""/>
        <Option Id="DISPLAY_RADIX" value="HEX"/>
        <Option Id="DISPLAY_VISIBILITY" value=""/>
        <Option Id="HW_ILA" value="hw_ila_1"/>
        <Option Id="LINK_TO_WAVEFORM" value="1"/>
        <Option Id="MAP" value="probe0[31:0]"/>
        <Option Id="NAME.CUSTOM" value=""/>
        <Option Id="NAME.SELECT" value="Long"/>
        <Option Id="SOURCE" value="netlist"/>
        <Option Id="TRIGGER_COMPARE_VALUE" value="eq32&apos;hXXXX_XXXX"/>
        <Option Id="WAVEFORM_STYLE" value="Digital"/>
      </probeOptions>
      <nets>
        <net name="design_1_i/controller_0_A[31]"/>
        <net name="design_1_i/controller_0_A[30]"/>
        <net name="design_1_i/controller_0_A[29]"/>
        <net name="design_1_i/controller_0_A[28]"/>
        <net name="design_1_i/controller_0_A[27]"/>
        <net name="design_1_i/controller_0_A[26]"/>
        <net name="design_1_i/controller_0_A[25]"/>
        <net name="design_1_i/controller_0_A[24]"/>
        <net name="design_1_i/controller_0_A[23]"/>
        <net name="design_1_i/controller_0_A[22]"/>
        <net name="design_1_i/controller_0_A[21]"/>
        <net name="design_1_i/controller_0_A[20]"/>
        <net name="design_1_i/controller_0_A[19]"/>
        <net name="design_1_i/controller_0_A[18]"/>
        <net name="design_1_i/controller_0_A[17]"/>
        <net name="design_1_i/controller_0_A[16]"/>
        <net name="design_1_i/controller_0_A[15]"/>
        <net name="design_1_i/controller_0_A[14]"/>
        <net name="design_1_i/controller_0_A[13]"/>
        <net name="design_1_i/controller_0_A[12]"/>
        <net name="design_1_i/controller_0_A[11]"/>
        <net name="design_1_i/controller_0_A[10]"/>
        <net name="design_1_i/controller_0_A[9]"/>
        <net name="design_1_i/controller_0_A[8]"/>
        <net name="design_1_i/controller_0_A[7]"/>
        <net name="design_1_i/controller_0_A[6]"/>
        <net name="design_1_i/controller_0_A[5]"/>
        <net name="design_1_i/controller_0_A[4]"/>
        <net name="design_1_i/controller_0_A[3]"/>
        <net name="design_1_i/controller_0_A[2]"/>
        <net name="design_1_i/controller_0_A[1]"/>
        <net name="design_1_i/controller_0_A[0]"/>
      </nets>
    </probe>
    <probe type="ila" busType="bus" source="netlist" spec="ILA_V2_RT">
      <probeOptions Id="DebugProbeParams">
        <Option Id="CAPTURE_COMPARE_VALUE" value="eq32&apos;hXXXX_XXXX"/>
        <Option Id="COMPARE_VALUE.0" value="eq32&apos;hXXXX_XXXX"/>
        <Option Id="DISPLAY_AS_ENUM" value="1"/>
        <Option Id="DISPLAY_HINT" value=""/>
        <Option Id="DISPLAY_RADIX" value="HEX"/>
        <Option Id="DISPLAY_VISIBILITY" value=""/>
        <Option Id="HW_ILA" value="hw_ila_1"/>
        <Option Id="LINK_TO_WAVEFORM" value="1"/>
        <Option Id="MAP" value="probe1[31:0]"/>
        <Option Id="NAME.CUSTOM" value=""/>
        <Option Id="NAME.SELECT" value="Long"/>
        <Option Id="SOURCE" value="netlist"/>
        <Option Id="TRIGGER_COMPARE_VALUE" value="eq32&apos;hXXXX_XXXX"/>
        <Option Id="WAVEFORM_STYLE" value="Digital"/>
      </probeOptions>
      <nets>
        <net name="design_1_i/controller_0_B[31]"/>
        <net name="design_1_i/controller_0_B[30]"/>
        <net name="design_1_i/controller_0_B[29]"/>
        <net name="design_1_i/controller_0_B[28]"/>
        <net name="design_1_i/controller_0_B[27]"/>
        <net name="design_1_i/controller_0_B[26]"/>
        <net name="design_1_i/controller_0_B[25]"/>
        <net name="design_1_i/controller_0_B[24]"/>
        <net name="design_1_i/controller_0_B[23]"/>
        <net name="design_1_i/controller_0_B[22]"/>
        <net name="design_1_i/controller_0_B[21]"/>
        <net name="design_1_i/controller_0_B[20]"/>
        <net name="design_1_i/controller_0_B[19]"/>
        <net name="design_1_i/controller_0_B[18]"/>
        <net name="design_1_i/controller_0_B[17]"/>
        <net name="design_1_i/controller_0_B[16]"/>
        <net name="design_1_i/controller_0_B[15]"/>
        <net name="design_1_i/controller_0_B[14]"/>
        <net name="design_1_i/controller_0_B[13]"/>
        <net name="design_1_i/controller_0_B[12]"/>
        <net name="design_1_i/controller_0_B[11]"/>
        <net name="design_1_i/controller_0_B[10]"/>
        <net name="design_1_i/controller_0_B[9]"/>
        <net name="design_1_i/controller_0_B[8]"/>
        <net name="design_1_i/controller_0_B[7]"/>
        <net name="design_1_i/controller_0_B[6]"/>
        <net name="design_1_i/controller_0_B[5]"/>
        <net name="design_1_i/controller_0_B[4]"/>
        <net name="design_1_i/controller_0_B[3]"/>
        <net name="design_1_i/controller_0_B[2]"/>
        <net name="design_1_i/controller_0_B[1]"/>
        <net name="design_1_i/controller_0_B[0]"/>
      </nets>
    </probe>
    <probe type="ila" busType="net" source="netlist" spec="ILA_V2_RT">
      <probeOptions Id="DebugProbeParams">
        <Option Id="CAPTURE_COMPARE_VALUE" value="eq1&apos;bX"/>
        <Option Id="COMPARE_VALUE.0" value="eq1&apos;bX"/>
        <Option Id="DISPLAY_AS_ENUM" value="1"/>
        <Option Id="DISPLAY_HINT" value=""/>
        <Option Id="DISPLAY_RADIX" value="HEX"/>
        <Option Id="DISPLAY_VISIBILITY" value=""/>
        <Option Id="HW_ILA" value="hw_ila_1"/>
        <Option Id="LINK_TO_WAVEFORM" value="1"/>
        <Option Id="MAP" value="probe3[0]"/>
        <Option Id="NAME.CUSTOM" value=""/>
        <Option Id="NAME.SELECT" value="Long"/>
        <Option Id="SOURCE" value="netlist"/>
        <Option Id="TRIGGER_COMPARE_VALUE" value="eq1&apos;bX"/>
        <Option Id="WAVEFORM_STYLE" value="Digital"/>
      </probeOptions>
      <nets>
        <net name="design_1_i/controller_0_cin"/>
      </nets>
    </probe>
    <probe type="vio_input" busType="net" source="netlist" spec="VIO_INPUT_V2_RT">
      <probeOptions Id="DebugProbeParams">
        <Option Id="ACTIVITY_PERSISTENCE" value="SHORT"/>
        <Option Id="DISPLAY_HINT" value=""/>
        <Option Id="DISPLAY_VISIBILITY" value=""/>
        <Option Id="HW_VIO" value="hw_vio_1"/>
        <Option Id="INPUT_VALUE_RADIX" value="BINARY"/>
        <Option Id="NAME.CUSTOM" value=""/>
        <Option Id="NAME.SELECT" value="Long"/>
        <Option Id="SOURCE" value="netlist"/>
      </probeOptions>
      <nets>
        <net name="design_1_i/Net1"/>
      </nets>
    </probe>
    <probe type="vio_input" busType="bus" source="netlist" spec="VIO_INPUT_V2_RT">
      <probeOptions Id="DebugProbeParams">
        <Option Id="ACTIVITY_PERSISTENCE" value="SHORT"/>
        <Option Id="DISPLAY_HINT" value=""/>
        <Option Id="DISPLAY_VISIBILITY" value=""/>
        <Option Id="HW_VIO" value="hw_vio_1"/>
        <Option Id="INPUT_VALUE_RADIX" value="HEX"/>
        <Option Id="NAME.CUSTOM" value=""/>
        <Option Id="NAME.SELECT" value="Long"/>
        <Option Id="SOURCE" value="netlist"/>
      </probeOptions>
      <nets>
        <net name="design_1_i/Net[31]"/>
        <net name="design_1_i/Net[30]"/>
        <net name="design_1_i/Net[29]"/>
        <net name="design_1_i/Net[28]"/>
        <net name="design_1_i/Net[27]"/>
        <net name="design_1_i/Net[26]"/>
        <net name="design_1_i/Net[25]"/>
        <net name="design_1_i/Net[24]"/>
        <net name="design_1_i/Net[23]"/>
        <net name="design_1_i/Net[22]"/>
        <net name="design_1_i/Net[21]"/>
        <net name="design_1_i/Net[20]"/>
        <net name="design_1_i/Net[19]"/>
        <net name="design_1_i/Net[18]"/>
        <net name="design_1_i/Net[17]"/>
        <net name="design_1_i/Net[16]"/>
        <net name="design_1_i/Net[15]"/>
        <net name="design_1_i/Net[14]"/>
        <net name="design_1_i/Net[13]"/>
        <net name="design_1_i/Net[12]"/>
        <net name="design_1_i/Net[11]"/>
        <net name="design_1_i/Net[10]"/>
        <net name="design_1_i/Net[9]"/>
        <net name="design_1_i/Net[8]"/>
        <net name="design_1_i/Net[7]"/>
        <net name="design_1_i/Net[6]"/>
        <net name="design_1_i/Net[5]"/>
        <net name="design_1_i/Net[4]"/>
        <net name="design_1_i/Net[3]"/>
        <net name="design_1_i/Net[2]"/>
        <net name="design_1_i/Net[1]"/>
        <net name="design_1_i/Net[0]"/>
      </nets>
    </probe>
    <probe type="vio_output" busType="net" source="netlist" spec="VIO_OUTPUT_V2_RT">
      <probeOptions Id="DebugProbeParams">
        <Option Id="DISPLAY_HINT" value=""/>
        <Option Id="DISPLAY_VISIBILITY" value=""/>
        <Option Id="HW_VIO" value="hw_vio_1"/>
        <Option Id="NAME.CUSTOM" value=""/>
        <Option Id="NAME.SELECT" value="Long"/>
        <Option Id="OUTPUT_VALUE" value="1"/>
        <Option Id="OUTPUT_VALUE_RADIX" value="BINARY"/>
        <Option Id="SOURCE" value="netlist"/>
      </probeOptions>
      <nets>
        <net name="design_1_i/vio_0_probe_out0"/>
      </nets>
    </probe>
    <probe type="vio_output" busType="net" source="netlist" spec="VIO_OUTPUT_V2_RT">
      <probeOptions Id="DebugProbeParams">
        <Option Id="DISPLAY_HINT" value=""/>
        <Option Id="DISPLAY_VISIBILITY" value=""/>
        <Option Id="HW_VIO" value="hw_vio_1"/>
        <Option Id="NAME.CUSTOM" value=""/>
        <Option Id="NAME.SELECT" value="Long"/>
        <Option Id="OUTPUT_VALUE" value="1"/>
        <Option Id="OUTPUT_VALUE_RADIX" value="BINARY"/>
        <Option Id="SOURCE" value="netlist"/>
      </probeOptions>
      <nets>
        <net name="design_1_i/vio_0_probe_out1"/>
      </nets>
    </probe>
  </probeset>
</hwsession>
