<?xml version="1.0"?>
<Runs Version="1" Minor="0">
	<Run Id="design_2_Top_0_1_synth_1" LaunchDir="C:/M.tech/VLSI_design_lab/Assignment_3 - Copy/Assignment_3.runs/design_2_Top_0_1_synth_1" FlowId="Vivado_Synthesis" FromStepId="vivado" ToStepId="vivado"/>
	<Run Id="synth_1" LaunchDir="C:/M.tech/VLSI_design_lab/Assignment_3 - Copy/Assignment_3.runs/synth_1" FlowId="Vivado_Synthesis" FromStepId="vivado" ToStepId="vivado">
		<Parent Id="design_2_Top_0_1_synth_1"/>
	</Run>
	<Run Id="impl_1" LaunchDir="C:/M.tech/VLSI_design_lab/Assignment_3 - Copy/Assignment_3.runs/impl_1" FlowId="Vivado_Implementation" FromStepId="init_design" ToStepId="route_design">
		<Parent Id="synth_1"/>
		<Parent Id="design_2_Top_0_1_synth_1"/>
	</Run>
	<Parameters>
		<Parameter Name="runs.monitorLSFJobs" Val="true" Type="bool"/>
		<Parameter Name="runs.enableClusterConf" Val="true" Type="bool"/>
	</Parameters>
</Runs>

