<?xml version="1.0"?>
<Runs Version="1" Minor="0">
	<Run Id="design_1_adder_subtractor_bk_0_0_synth_1" LaunchDir="E:/M.tech/2nd Year/VLSI_design_Lab/Assignment_1/Assignment_1.runs/design_1_adder_subtractor_bk_0_0_synth_1" FlowId="Vivado_Synthesis" FromStepId="vivado" ToStepId="vivado"/>
	<Run Id="design_1_controller_0_0_synth_1" LaunchDir="E:/M.tech/2nd Year/VLSI_design_Lab/Assignment_1/Assignment_1.runs/design_1_controller_0_0_synth_1" FlowId="Vivado_Synthesis" FromStepId="vivado" ToStepId="vivado"/>
	<Run Id="synth_1" LaunchDir="E:/M.tech/2nd Year/VLSI_design_Lab/Assignment_1/Assignment_1.runs/synth_1" FlowId="Vivado_Synthesis" FromStepId="vivado" ToStepId="vivado">
		<Parent Id="design_1_adder_subtractor_bk_0_0_synth_1"/>
		<Parent Id="design_1_controller_0_0_synth_1"/>
	</Run>
	<Run Id="impl_1" LaunchDir="E:/M.tech/2nd Year/VLSI_design_Lab/Assignment_1/Assignment_1.runs/impl_1" FlowId="Vivado_Implementation" FromStepId="init_design" ToStepId="write_bitstream">
		<Parent Id="synth_1"/>
		<Parent Id="design_1_adder_subtractor_bk_0_0_synth_1"/>
		<Parent Id="design_1_controller_0_0_synth_1"/>
	</Run>
	<Parameters>
		<Parameter Name="runs.monitorLSFJobs" Val="true" Type="bool"/>
		<Parameter Name="runs.enableClusterConf" Val="true" Type="bool"/>
	</Parameters>
</Runs>

